poll_notice_stage_id,feed_id,source_id,source_name,source_page_url,notice_url,link_text,detected_at,http_status,content_type,page_title,match_reason,candidate_level_values_extracted,review_decision,review_notes,triage_label,triage_reason,review_priority,suggested_metadata_scope,ready_for_canonical_metadata
poll_notice_stage_adde6c08f1fff195,feed_commission_sondages_notices,src_commission_sondages,Commission des sondages,https://www.commission-des-sondages.fr/notices/,https://www.commission-des-sondages.fr/hist/communiques/communique-sondages-elections-presidentielles-15-avril-2026.htm,"voir le communiqué du 15 avril 2026, ici.",2026-06-29T04:30:21Z,200,text/html; charset=UTF-8,"Commission des sondages (contrôle, interdiction, publication)",official_presidential_polling_communique,false,pending,Staged poll-notice discovery only. No candidate-level values extracted.,official_communique,Official Commission des sondages communiqué related to presidential polling.,medium,official_document_or_polling_context,review_required
poll_notice_stage_a312711c5f721b43,feed_commission_sondages_notices,src_commission_sondages,Commission des sondages,https://www.commission-des-sondages.fr/notices/,https://www.commission-des-sondages.fr/notices/medias/fichiers/add/2047,10059 Pres bloc central droite ELABE BFMTV 28 janvier,2026-06-29T04:30:21Z,200,text/html; charset=UTF-8,"Commission des sondages (contrôle, interdiction, publication)",commission_notice_file_path|presidential_link_text,false,pending,Staged poll-notice discovery only. No candidate-level values extracted.,candidate_or_field_context_notice,"Visible notice text mentions candidates, party field, primary, RN, right/centre-right, or presidential field context.",medium,polling_context_or_metadata_candidate,review_required
poll_notice_stage_ee6453359d155341,feed_commission_sondages_notices,src_commission_sondages,Commission des sondages,https://www.commission-des-sondages.fr/notices/,https://www.commission-des-sondages.fr/notices/medias/fichiers/add/2176,10174 Pres Barometre confiance TOLUNA HARRIS INTERACTIVE LCI 24 avril,2026-06-29T04:30:21Z,200,text/html; charset=UTF-8,"Commission des sondages (contrôle, interdiction, publication)",commission_notice_file_path|presidential_link_text,false,pending,Staged poll-notice discovery only. No candidate-level values extracted.,political_barometer_context_notice,"Visible notice text suggests political barometer, popularity, confidence, or public-opinion context rather than direct voting intention.",low,polling_context_only,false
poll_notice_stage_8f734d6fc7b6f3fc,feed_commission_sondages_notices,src_commission_sondages,Commission des sondages,https://www.commission-des-sondages.fr/notices/,https://www.commission-des-sondages.fr/notices/medias/fichiers/add/2201,10199 Pres Barometre politique YOUGOV Huffpost 7 juin,2026-06-29T04:30:21Z,200,text/html; charset=UTF-8,"Commission des sondages (contrôle, interdiction, publication)",commission_notice_file_path|presidential_link_text,false,pending,Staged poll-notice discovery only. No candidate-level values extracted.,political_barometer_context_notice,"Visible notice text suggests political barometer, popularity, confidence, or public-opinion context rather than direct voting intention.",low,polling_context_only,false
poll_notice_stage_3fe0405a918e0bce,feed_commission_sondages_notices,src_commission_sondages,Commission des sondages,https://www.commission-des-sondages.fr/notices/medias/fichiers/bytag/14/2027-Presidentielle,https://www.commission-des-sondages.fr/notices/medias/fichiers/add/1871,9898 Pres Ifop Valeurs actuelles 29 janvier,2026-06-29T04:30:21Z,200,text/html; charset=UTF-8,"Commission des sondages (contrôle, interdiction, publication)",commission_notice_file_path|presidential_link_text|source_page_2027_presidentielle_tag,false,pending,Staged poll-notice discovery only. No candidate-level values extracted.,needs_manual_review,"Presidential-looking notice, but text is not specific enough for automatic classification.",medium,manual_review,review_required
poll_notice_stage_c569d15f05c2bc39,feed_commission_sondages_notices,src_commission_sondages,Commission des sondages,https://www.commission-des-sondages.fr/notices/medias/fichiers/bytag/14/2027-Presidentielle,https://www.commission-des-sondages.fr/notices/medias/fichiers/add/1875,9902 Pres primaire Odoxa Figaro Backbone 13 fevrier 2025,2026-06-29T04:30:21Z,200,text/html; charset=UTF-8,"Commission des sondages (contrôle, interdiction, publication)",commission_notice_file_path|presidential_link_text|source_page_2027_presidentielle_tag,false,pending,Staged poll-notice discovery only. No candidate-level values extracted.,candidate_or_field_context_notice,"Visible notice text mentions candidates, party field, primary, RN, right/centre-right, or presidential field context.",medium,polling_context_or_metadata_candidate,review_required
poll_notice_stage_47d238214aefe0ea,feed_commission_sondages_notices,src_commission_sondages,Commission des sondages,https://www.commission-des-sondages.fr/notices/medias/fichiers/bytag/14/2027-Presidentielle,https://www.commission-des-sondages.fr/notices/medias/fichiers/add/1878,9905 Pres Harris Interactive candidature entrepreneur frst capital 7 fevrier,2026-06-29T04:30:21Z,200,text/html; charset=UTF-8,"Commission des sondages (contrôle, interdiction, publication)",commission_notice_file_path|presidential_link_text|source_page_2027_presidentielle_tag,false,pending,Staged poll-notice discovery only. No candidate-level values extracted.,candidate_or_field_context_notice,"Visible notice text mentions candidates, party field, primary, RN, right/centre-right, or presidential field context.",medium,polling_context_or_metadata_candidate,review_required
poll_notice_stage_393679a1555efcec,feed_commission_sondages_notices,src_commission_sondages,Commission des sondages,https://www.commission-des-sondages.fr/notices/medias/fichiers/bytag/14/2027-Presidentielle,https://www.commission-des-sondages.fr/notices/medias/fichiers/add/1879,9906 pres IFOP Sud radio Le Figaro 28 fevrier,2026-06-29T04:30:21Z,200,text/html; charset=UTF-8,"Commission des sondages (contrôle, interdiction, publication)",commission_notice_file_path|presidential_link_text|source_page_2027_presidentielle_tag,false,pending,Staged poll-notice discovery only. No candidate-level values extracted.,needs_manual_review,"Presidential-looking notice, but text is not specific enough for automatic classification.",medium,manual_review,review_required
poll_notice_stage_04f63b85d4c5dc88,feed_commission_sondages_notices,src_commission_sondages,Commission des sondages,https://www.commission-des-sondages.fr/notices/medias/fichiers/bytag/14/2027-Presidentielle,https://www.commission-des-sondages.fr/notices/medias/fichiers/add/1886,9912 Pres Ifop JDD 30 mars,2026-06-29T04:30:21Z,200,text/html; charset=UTF-8,"Commission des sondages (contrôle, interdiction, publication)",commission_notice_file_path|presidential_link_text|source_page_2027_presidentielle_tag,false,pending,Staged poll-notice discovery only. No candidate-level values extracted.,needs_manual_review,"Presidential-looking notice, but text is not specific enough for automatic classification.",medium,manual_review,review_required
poll_notice_stage_90f3da735fe1dc15,feed_commission_sondages_notices,src_commission_sondages,Commission des sondages,https://www.commission-des-sondages.fr/notices/medias/fichiers/bytag/14/2027-Presidentielle,https://www.commission-des-sondages.fr/notices/medias/fichiers/add/1887,9913 Pres Toluna Harris Interactive RTL 1er avril,2026-06-29T04:30:21Z,200,text/html; charset=UTF-8,"Commission des sondages (contrôle, interdiction, publication)",commission_notice_file_path|presidential_link_text|source_page_2027_presidentielle_tag,false,pending,Staged poll-notice discovery only. No candidate-level values extracted.,needs_manual_review,"Presidential-looking notice, but text is not specific enough for automatic classification.",medium,manual_review,review_required
poll_notice_stage_29ea84663ba13d63,feed_commission_sondages_notices,src_commission_sondages,Commission des sondages,https://www.commission-des-sondages.fr/notices/medias/fichiers/bytag/14/2027-Presidentielle,https://www.commission-des-sondages.fr/notices/medias/fichiers/add/1888,9914 Pres ELABE BFMTV 1er avril,2026-06-29T04:30:21Z,200,text/html; charset=UTF-8,"Commission des sondages (contrôle, interdiction, publication)",commission_notice_file_path|presidential_link_text|source_page_2027_presidentielle_tag,false,pending,Staged poll-notice discovery only. No candidate-level values extracted.,needs_manual_review,"Presidential-looking notice, but text is not specific enough for automatic classification.",medium,manual_review,review_required
poll_notice_stage_4fbb192bc871ea94,feed_commission_sondages_notices,src_commission_sondages,Commission des sondages,https://www.commission-des-sondages.fr/notices/medias/fichiers/bytag/14/2027-Presidentielle,https://www.commission-des-sondages.fr/notices/medias/fichiers/add/1889,9916 pres ELABE BFMTV Tribune dimanche 5 avril,2026-06-29T04:30:21Z,200,text/html; charset=UTF-8,"Commission des sondages (contrôle, interdiction, publication)",commission_notice_file_path|presidential_link_text|source_page_2027_presidentielle_tag,false,pending,Staged poll-notice discovery only. No candidate-level values extracted.,needs_manual_review,"Presidential-looking notice, but text is not specific enough for automatic classification.",medium,manual_review,review_required
poll_notice_stage_6962d5c5922f47db,feed_commission_sondages_notices,src_commission_sondages,Commission des sondages,https://www.commission-des-sondages.fr/notices/medias/fichiers/bytag/14/2027-Presidentielle,https://www.commission-des-sondages.fr/notices/medias/fichiers/add/1896,9920 Pres CommStrat L'Opinion Toluna HI 14 avril 2025,2026-06-29T04:30:21Z,200,text/html; charset=UTF-8,"Commission des sondages (contrôle, interdiction, publication)",commission_notice_file_path|presidential_link_text|source_page_2027_presidentielle_tag,false,pending,Staged poll-notice discovery only. No candidate-level values extracted.,needs_manual_review,"Presidential-looking notice, but text is not specific enough for automatic classification.",medium,manual_review,review_required
poll_notice_stage_12abeabafee0fd20,feed_commission_sondages_notices,src_commission_sondages,Commission des sondages,https://www.commission-des-sondages.fr/notices/medias/fichiers/bytag/14/2027-Presidentielle,https://www.commission-des-sondages.fr/notices/medias/fichiers/add/1901,9925 Pres Odoxa Public Senat 29 avril,2026-06-29T04:30:21Z,200,text/html; charset=UTF-8,"Commission des sondages (contrôle, interdiction, publication)",commission_notice_file_path|presidential_link_text|source_page_2027_presidentielle_tag,false,pending,Staged poll-notice discovery only. No candidate-level values extracted.,needs_manual_review,"Presidential-looking notice, but text is not specific enough for automatic classification.",medium,manual_review,review_required
poll_notice_stage_51456d2db2556e0b,feed_commission_sondages_notices,src_commission_sondages,Commission des sondages,https://www.commission-des-sondages.fr/notices/medias/fichiers/bytag/14/2027-Presidentielle,https://www.commission-des-sondages.fr/notices/medias/fichiers/add/1902,9926 Pres potentiel M. Hanouna IFOP valeurs actuelles 29 avril,2026-06-29T04:30:21Z,200,text/html; charset=UTF-8,"Commission des sondages (contrôle, interdiction, publication)",commission_notice_file_path|presidential_link_text|source_page_2027_presidentielle_tag,false,pending,Staged poll-notice discovery only. No candidate-level values extracted.,candidate_or_field_context_notice,"Visible notice text mentions candidates, party field, primary, RN, right/centre-right, or presidential field context.",medium,polling_context_or_metadata_candidate,review_required
poll_notice_stage_6670d2b8a2a0e346,feed_commission_sondages_notices,src_commission_sondages,Commission des sondages,https://www.commission-des-sondages.fr/notices/medias/fichiers/bytag/14/2027-Presidentielle,https://www.commission-des-sondages.fr/notices/medias/fichiers/add/1903,9927 Pres Toluna HI Regards 30 avril,2026-06-29T04:30:21Z,200,text/html; charset=UTF-8,"Commission des sondages (contrôle, interdiction, publication)",commission_notice_file_path|presidential_link_text|source_page_2027_presidentielle_tag,false,pending,Staged poll-notice discovery only. No candidate-level values extracted.,needs_manual_review,"Presidential-looking notice, but text is not specific enough for automatic classification.",medium,manual_review,review_required
poll_notice_stage_e4b0a16f04c4ec81,feed_commission_sondages_notices,src_commission_sondages,Commission des sondages,https://www.commission-des-sondages.fr/notices/medias/fichiers/bytag/14/2027-Presidentielle,https://www.commission-des-sondages.fr/notices/medias/fichiers/add/1905,9929 Pres Odoxa BackboneConsulting Le Figaro 2 mai,2026-06-29T04:30:21Z,200,text/html; charset=UTF-8,"Commission des sondages (contrôle, interdiction, publication)",commission_notice_file_path|presidential_link_text|source_page_2027_presidentielle_tag,false,pending,Staged poll-notice discovery only. No candidate-level values extracted.,needs_manual_review,"Presidential-looking notice, but text is not specific enough for automatic classification.",medium,manual_review,review_required
poll_notice_stage_c4c610e318021d70,feed_commission_sondages_notices,src_commission_sondages,Commission des sondages,https://www.commission-des-sondages.fr/notices/medias/fichiers/bytag/14/2027-Presidentielle,https://www.commission-des-sondages.fr/notices/medias/fichiers/add/1906,9930 Pres IFOP Hexagone 5 mai,2026-06-29T04:30:21Z,200,text/html; charset=UTF-8,"Commission des sondages (contrôle, interdiction, publication)",commission_notice_file_path|presidential_link_text|source_page_2027_presidentielle_tag,false,pending,Staged poll-notice discovery only. No candidate-level values extracted.,needs_manual_review,"Presidential-looking notice, but text is not specific enough for automatic classification.",medium,manual_review,review_required
poll_notice_stage_2b9deb261bcba37e,feed_commission_sondages_notices,src_commission_sondages,Commission des sondages,https://www.commission-des-sondages.fr/notices/medias/fichiers/bytag/14/2027-Presidentielle,https://www.commission-des-sondages.fr/notices/medias/fichiers/add/1911,9935 Pres barometre V2 Ifop Sud Radio Le Figaro 11 mai,2026-06-29T04:30:21Z,200,text/html; charset=UTF-8,"Commission des sondages (contrôle, interdiction, publication)",commission_notice_file_path|presidential_link_text|source_page_2027_presidentielle_tag,false,pending,Staged poll-notice discovery only. No candidate-level values extracted.,political_barometer_context_notice,"Visible notice text suggests political barometer, popularity, confidence, or public-opinion context rather than direct voting intention.",low,polling_context_only,false
poll_notice_stage_5f72baed3c172df8,feed_commission_sondages_notices,src_commission_sondages,Commission des sondages,https://www.commission-des-sondages.fr/notices/medias/fichiers/bytag/14/2027-Presidentielle,https://www.commission-des-sondages.fr/notices/medias/fichiers/add/1917,9942 Pres Toluna HI LCI 20 mai,2026-06-29T04:30:21Z,200,text/html; charset=UTF-8,"Commission des sondages (contrôle, interdiction, publication)",commission_notice_file_path|presidential_link_text|source_page_2027_presidentielle_tag,false,pending,Staged poll-notice discovery only. No candidate-level values extracted.,needs_manual_review,"Presidential-looking notice, but text is not specific enough for automatic classification.",medium,manual_review,review_required
poll_notice_stage_02350894d7ad8fb7,feed_commission_sondages_notices,src_commission_sondages,Commission des sondages,https://www.commission-des-sondages.fr/notices/medias/fichiers/bytag/14/2027-Presidentielle,https://www.commission-des-sondages.fr/notices/medias/fichiers/add/1918,9943 Pres B Retailleau et la droite Elabe BFMTV 21 mai,2026-06-29T04:30:21Z,200,text/html; charset=UTF-8,"Commission des sondages (contrôle, interdiction, publication)",commission_notice_file_path|presidential_link_text|source_page_2027_presidentielle_tag,false,pending,Staged poll-notice discovery only. No candidate-level values extracted.,candidate_or_field_context_notice,"Visible notice text mentions candidates, party field, primary, RN, right/centre-right, or presidential field context.",medium,polling_context_or_metadata_candidate,review_required
poll_notice_stage_fcf7da8565bbaae6,feed_commission_sondages_notices,src_commission_sondages,Commission des sondages,https://www.commission-des-sondages.fr/notices/medias/fichiers/bytag/14/2027-Presidentielle,https://www.commission-des-sondages.fr/notices/medias/fichiers/add/1919,9944 Pres IFOP Le Figaro Sud Radio 21 mai,2026-06-29T04:30:21Z,200,text/html; charset=UTF-8,"Commission des sondages (contrôle, interdiction, publication)",commission_notice_file_path|presidential_link_text|source_page_2027_presidentielle_tag,false,pending,Staged poll-notice discovery only. No candidate-level values extracted.,needs_manual_review,"Presidential-looking notice, but text is not specific enough for automatic classification.",medium,manual_review,review_required
poll_notice_stage_a15b32a660cd1a05,feed_commission_sondages_notices,src_commission_sondages,Commission des sondages,https://www.commission-des-sondages.fr/notices/medias/fichiers/bytag/14/2027-Presidentielle,https://www.commission-des-sondages.fr/notices/medias/fichiers/add/1942,9961 Pres Toluna Harris Interactive Lopinion Suivi du potentiel électoral V2 27 juin,2026-06-29T04:30:21Z,200,text/html; charset=UTF-8,"Commission des sondages (contrôle, interdiction, publication)",commission_notice_file_path|presidential_link_text|source_page_2027_presidentielle_tag,false,pending,Staged poll-notice discovery only. No candidate-level values extracted.,likely_presidential_voting_intention_notice,"Visible notice text suggests vote intention, electoral survey, round scenario, or comparable presidential-election polling metadata.",high,polls_metadata_candidate,review_required
poll_notice_stage_de917f3c5571775a,feed_commission_sondages_notices,src_commission_sondages,Commission des sondages,https://www.commission-des-sondages.fr/notices/medias/fichiers/bytag/14/2027-Presidentielle,https://www.commission-des-sondages.fr/notices/medias/fichiers/add/1957,9975 Pres Toluna HI Suivi du potentiel électoral V3 Lopinion 3 septembre,2026-06-29T04:30:21Z,200,text/html; charset=UTF-8,"Commission des sondages (contrôle, interdiction, publication)",commission_notice_file_path|presidential_link_text|source_page_2027_presidentielle_tag,false,pending,Staged poll-notice discovery only. No candidate-level values extracted.,likely_presidential_voting_intention_notice,"Visible notice text suggests vote intention, electoral survey, round scenario, or comparable presidential-election polling metadata.",high,polls_metadata_candidate,review_required
poll_notice_stage_5c8c718e3b079815,feed_commission_sondages_notices,src_commission_sondages,Commission des sondages,https://www.commission-des-sondages.fr/notices/medias/fichiers/bytag/14/2027-Presidentielle,https://www.commission-des-sondages.fr/notices/medias/fichiers/add/1969,9987 Pres IFOP Lopinion Sud Radio 29 septembre,2026-06-29T04:30:21Z,200,text/html; charset=UTF-8,"Commission des sondages (contrôle, interdiction, publication)",commission_notice_file_path|presidential_link_text|source_page_2027_presidentielle_tag,false,pending,Staged poll-notice discovery only. No candidate-level values extracted.,needs_manual_review,"Presidential-looking notice, but text is not specific enough for automatic classification.",medium,manual_review,review_required
poll_notice_stage_e9a7c0110dbe26bc,feed_commission_sondages_notices,src_commission_sondages,Commission des sondages,https://www.commission-des-sondages.fr/notices/medias/fichiers/bytag/14/2027-Presidentielle,https://www.commission-des-sondages.fr/notices/medias/fichiers/add/1972,9990 Pres Cluster 17 Le Point 3 octobre,2026-06-29T04:30:21Z,200,text/html; charset=UTF-8,"Commission des sondages (contrôle, interdiction, publication)",commission_notice_file_path|presidential_link_text|source_page_2027_presidentielle_tag,false,pending,Staged poll-notice discovery only. No candidate-level values extracted.,needs_manual_review,"Presidential-looking notice, but text is not specific enough for automatic classification.",medium,manual_review,review_required
poll_notice_stage_9e85b01b4462ca16,feed_commission_sondages_notices,src_commission_sondages,Commission des sondages,https://www.commission-des-sondages.fr/notices/medias/fichiers/bytag/14/2027-Presidentielle,https://www.commission-des-sondages.fr/notices/medias/fichiers/add/1977,9995 Pres Toluna Harris Interactive RTL 8 octobre,2026-06-29T04:30:21Z,200,text/html; charset=UTF-8,"Commission des sondages (contrôle, interdiction, publication)",commission_notice_file_path|presidential_link_text|source_page_2027_presidentielle_tag,false,pending,Staged poll-notice discovery only. No candidate-level values extracted.,needs_manual_review,"Presidential-looking notice, but text is not specific enough for automatic classification.",medium,manual_review,review_required
poll_notice_stage_e39d9bf8a5be9235,feed_commission_sondages_notices,src_commission_sondages,Commission des sondages,https://www.commission-des-sondages.fr/notices/medias/fichiers/bytag/14/2027-Presidentielle,https://www.commission-des-sondages.fr/notices/medias/fichiers/add/1991,10007 Pres ELABE BFMTV La Tribune 1er novembre,2026-06-29T04:30:21Z,200,text/html; charset=UTF-8,"Commission des sondages (contrôle, interdiction, publication)",commission_notice_file_path|presidential_link_text|source_page_2027_presidentielle_tag,false,pending,Staged poll-notice discovery only. No candidate-level values extracted.,needs_manual_review,"Presidential-looking notice, but text is not specific enough for automatic classification.",medium,manual_review,review_required
poll_notice_stage_09ad3d4ee53665fe,feed_commission_sondages_notices,src_commission_sondages,Commission des sondages,https://www.commission-des-sondages.fr/notices/medias/fichiers/bytag/14/2027-Presidentielle,https://www.commission-des-sondages.fr/notices/medias/fichiers/add/2007,10023 Pres ODOXA 25 novembre,2026-06-29T04:30:21Z,200,text/html; charset=UTF-8,"Commission des sondages (contrôle, interdiction, publication)",commission_notice_file_path|presidential_link_text|source_page_2027_presidentielle_tag,false,pending,Staged poll-notice discovery only. No candidate-level values extracted.,needs_manual_review,"Presidential-looking notice, but text is not specific enough for automatic classification.",medium,manual_review,review_required
poll_notice_stage_515f1a4d3974539b,feed_commission_sondages_notices,src_commission_sondages,Commission des sondages,https://www.commission-des-sondages.fr/notices/medias/fichiers/bytag/14/2027-Presidentielle,https://www.commission-des-sondages.fr/notices/medias/fichiers/add/2008,10024 Pres VERIAN LHemicycle 27 novembre,2026-06-29T04:30:21Z,200,text/html; charset=UTF-8,"Commission des sondages (contrôle, interdiction, publication)",commission_notice_file_path|presidential_link_text|source_page_2027_presidentielle_tag,false,pending,Staged poll-notice discovery only. No candidate-level values extracted.,needs_manual_review,"Presidential-looking notice, but text is not specific enough for automatic classification.",medium,manual_review,review_required
poll_notice_stage_c0f39e7a7207799f,feed_commission_sondages_notices,src_commission_sondages,Commission des sondages,https://www.commission-des-sondages.fr/notices/medias/fichiers/bytag/14/2027-Presidentielle,https://www.commission-des-sondages.fr/notices/medias/fichiers/add/2011,10027 Pres RN IPSOS BVA Lopinion 4 decembre,2026-06-29T04:30:21Z,200,text/html; charset=UTF-8,"Commission des sondages (contrôle, interdiction, publication)",commission_notice_file_path|presidential_link_text|source_page_2027_presidentielle_tag,false,pending,Staged poll-notice discovery only. No candidate-level values extracted.,candidate_or_field_context_notice,"Visible notice text mentions candidates, party field, primary, RN, right/centre-right, or presidential field context.",medium,polling_context_or_metadata_candidate,review_required
poll_notice_stage_76ee4b199905123a,feed_commission_sondages_notices,src_commission_sondages,Commission des sondages,https://www.commission-des-sondages.fr/notices/medias/fichiers/bytag/14/2027-Presidentielle,https://www.commission-des-sondages.fr/notices/medias/fichiers/add/2026,10035 Pres VERIAN Lhemicycle 12 decembre,2026-06-29T04:30:21Z,200,text/html; charset=UTF-8,"Commission des sondages (contrôle, interdiction, publication)",commission_notice_file_path|presidential_link_text|source_page_2027_presidentielle_tag,false,pending,Staged poll-notice discovery only. No candidate-level values extracted.,needs_manual_review,"Presidential-looking notice, but text is not specific enough for automatic classification.",medium,manual_review,review_required
poll_notice_stage_3dfdf61fddcb4b47,feed_commission_sondages_notices,src_commission_sondages,Commission des sondages,https://www.commission-des-sondages.fr/notices/medias/fichiers/bytag/14/2027-Presidentielle,https://www.commission-des-sondages.fr/notices/medias/fichiers/add/2035,10049 Pres potentiel vote RN CLUSTER 17 Marianne 14 janvier,2026-06-29T04:30:21Z,200,text/html; charset=UTF-8,"Commission des sondages (contrôle, interdiction, publication)",commission_notice_file_path|presidential_link_text|source_page_2027_presidentielle_tag,false,pending,Staged poll-notice discovery only. No candidate-level values extracted.,likely_presidential_voting_intention_notice,"Visible notice text suggests vote intention, electoral survey, round scenario, or comparable presidential-election polling metadata.",high,polls_metadata_candidate,review_required
poll_notice_stage_e48413e4f0645f44,feed_commission_sondages_notices,src_commission_sondages,Commission des sondages,https://www.commission-des-sondages.fr/notices/medias/fichiers/bytag/14/2027-Presidentielle,https://www.commission-des-sondages.fr/notices/medias/fichiers/add/2055,10067 Pres RN ODOXA 5 fevrier,2026-06-29T04:30:21Z,200,text/html; charset=UTF-8,"Commission des sondages (contrôle, interdiction, publication)",commission_notice_file_path|presidential_link_text|source_page_2027_presidentielle_tag,false,pending,Staged poll-notice discovery only. No candidate-level values extracted.,candidate_or_field_context_notice,"Visible notice text mentions candidates, party field, primary, RN, right/centre-right, or presidential field context.",medium,polling_context_or_metadata_candidate,review_required
poll_notice_stage_e362c5d751a2ac5e,feed_commission_sondages_notices,src_commission_sondages,Commission des sondages,https://www.commission-des-sondages.fr/notices/medias/fichiers/bytag/14/2027-Presidentielle,https://www.commission-des-sondages.fr/notices/medias/fichiers/add/2064,10076 Pres Primaire droite IFOP JDD 14 fevrier,2026-06-29T04:30:21Z,200,text/html; charset=UTF-8,"Commission des sondages (contrôle, interdiction, publication)",commission_notice_file_path|presidential_link_text|source_page_2027_presidentielle_tag,false,pending,Staged poll-notice discovery only. No candidate-level values extracted.,candidate_or_field_context_notice,"Visible notice text mentions candidates, party field, primary, RN, right/centre-right, or presidential field context.",medium,polling_context_or_metadata_candidate,review_required
poll_notice_stage_e1097f84980aec30,feed_commission_sondages_notices,src_commission_sondages,Commission des sondages,https://www.commission-des-sondages.fr/notices/medias/fichiers/bytag/14/2027-Presidentielle,https://www.commission-des-sondages.fr/notices/medias/fichiers/add/2110,10118 Pres IFOP Le Figaro 4 mars,2026-06-29T04:30:21Z,200,text/html; charset=UTF-8,"Commission des sondages (contrôle, interdiction, publication)",commission_notice_file_path|presidential_link_text|source_page_2027_presidentielle_tag,false,pending,Staged poll-notice discovery only. No candidate-level values extracted.,needs_manual_review,"Presidential-looking notice, but text is not specific enough for automatic classification.",medium,manual_review,review_required
poll_notice_stage_30234c47a340be4b,feed_commission_sondages_notices,src_commission_sondages,Commission des sondages,https://www.commission-des-sondages.fr/notices/medias/fichiers/bytag/14/2027-Presidentielle,https://www.commission-des-sondages.fr/notices/medias/fichiers/add/2143,10141 Pres vote LGBT IFOP Tetu 9 mars,2026-06-29T04:30:21Z,200,text/html; charset=UTF-8,"Commission des sondages (contrôle, interdiction, publication)",commission_notice_file_path|presidential_link_text|source_page_2027_presidentielle_tag,false,pending,Staged poll-notice discovery only. No candidate-level values extracted.,needs_manual_review,"Presidential-looking notice, but text is not specific enough for automatic classification.",medium,manual_review,review_required
poll_notice_stage_4fe351660fb2f0a2,feed_commission_sondages_notices,src_commission_sondages,Commission des sondages,https://www.commission-des-sondages.fr/notices/medias/fichiers/bytag/14/2027-Presidentielle,https://www.commission-des-sondages.fr/notices/medias/fichiers/add/2165,10165 Pres TOLUNA HARRIS INTERACTIVE 22 mars,2026-06-29T04:30:21Z,200,text/html; charset=UTF-8,"Commission des sondages (contrôle, interdiction, publication)",commission_notice_file_path|presidential_link_text|source_page_2027_presidentielle_tag,false,pending,Staged poll-notice discovery only. No candidate-level values extracted.,needs_manual_review,"Presidential-looking notice, but text is not specific enough for automatic classification.",medium,manual_review,review_required
poll_notice_stage_07f7a662dae37481,feed_commission_sondages_notices,src_commission_sondages,Commission des sondages,https://www.commission-des-sondages.fr/notices/medias/fichiers/bytag/14/2027-Presidentielle,https://www.commission-des-sondages.fr/notices/medias/fichiers/add/2166,10166 Pres ELABE 28 mars,2026-06-29T04:30:21Z,200,text/html; charset=UTF-8,"Commission des sondages (contrôle, interdiction, publication)",commission_notice_file_path|presidential_link_text|source_page_2027_presidentielle_tag,false,pending,Staged poll-notice discovery only. No candidate-level values extracted.,needs_manual_review,"Presidential-looking notice, but text is not specific enough for automatic classification.",medium,manual_review,review_required
poll_notice_stage_9d9c9583655843be,feed_commission_sondages_notices,src_commission_sondages,Commission des sondages,https://www.commission-des-sondages.fr/notices/medias/fichiers/bytag/14/2027-Presidentielle,https://www.commission-des-sondages.fr/notices/medias/fichiers/add/2167,10167 Pres ODOXA 31 mars,2026-06-29T04:30:21Z,200,text/html; charset=UTF-8,"Commission des sondages (contrôle, interdiction, publication)",commission_notice_file_path|presidential_link_text|source_page_2027_presidentielle_tag,false,pending,Staged poll-notice discovery only. No candidate-level values extracted.,needs_manual_review,"Presidential-looking notice, but text is not specific enough for automatic classification.",medium,manual_review,review_required
poll_notice_stage_c846a56414dcac91,feed_commission_sondages_notices,src_commission_sondages,Commission des sondages,https://www.commission-des-sondages.fr/notices/medias/fichiers/bytag/14/2027-Presidentielle,https://www.commission-des-sondages.fr/notices/medias/fichiers/add/2169,10168 Pres Enquete electorale IPSOS BVA Le Monde 13 avril,2026-06-29T04:30:21Z,200,text/html; charset=UTF-8,"Commission des sondages (contrôle, interdiction, publication)",commission_notice_file_path|presidential_link_text|source_page_2027_presidentielle_tag,false,pending,Staged poll-notice discovery only. No candidate-level values extracted.,likely_presidential_voting_intention_notice,"Visible notice text suggests vote intention, electoral survey, round scenario, or comparable presidential-election polling metadata.",high,polls_metadata_candidate,review_required
poll_notice_stage_0fb81e271b85bb45,feed_commission_sondages_notices,src_commission_sondages,Commission des sondages,https://www.commission-des-sondages.fr/notices/medias/fichiers/bytag/14/2027-Presidentielle,https://www.commission-des-sondages.fr/notices/medias/fichiers/add/2170,10169 Pres Les Français et le président ideal ELABE 18 avril,2026-06-29T04:30:21Z,200,text/html; charset=UTF-8,"Commission des sondages (contrôle, interdiction, publication)",commission_notice_file_path|presidential_link_text|source_page_2027_presidentielle_tag,false,pending,Staged poll-notice discovery only. No candidate-level values extracted.,political_barometer_context_notice,"Visible notice text suggests political barometer, popularity, confidence, or public-opinion context rather than direct voting intention.",low,polling_context_only,false
poll_notice_stage_94dac4a4fb504143,feed_commission_sondages_notices,src_commission_sondages,Commission des sondages,https://www.commission-des-sondages.fr/notices/medias/fichiers/bytag/14/2027-Presidentielle,https://www.commission-des-sondages.fr/notices/medias/fichiers/add/2171,10170 Pres popularité E Macron S Lecornu IFOP Lopinion 19 avril,2026-06-29T04:30:21Z,200,text/html; charset=UTF-8,"Commission des sondages (contrôle, interdiction, publication)",commission_notice_file_path|presidential_link_text|source_page_2027_presidentielle_tag,false,pending,Staged poll-notice discovery only. No candidate-level values extracted.,political_barometer_context_notice,"Visible notice text suggests political barometer, popularity, confidence, or public-opinion context rather than direct voting intention.",low,polling_context_only,false
poll_notice_stage_314101c64c9caaea,feed_commission_sondages_notices,src_commission_sondages,Commission des sondages,https://www.commission-des-sondages.fr/notices/medias/fichiers/bytag/14/2027-Presidentielle,https://www.commission-des-sondages.fr/notices/medias/fichiers/add/2172,10171 Pres Tbd personnalites politiques IFOP Paris Match 21 avril,2026-06-29T04:30:21Z,200,text/html; charset=UTF-8,"Commission des sondages (contrôle, interdiction, publication)",commission_notice_file_path|presidential_link_text|source_page_2027_presidentielle_tag,false,pending,Staged poll-notice discovery only. No candidate-level values extracted.,political_barometer_context_notice,"Visible notice text suggests political barometer, popularity, confidence, or public-opinion context rather than direct voting intention.",low,polling_context_only,false
poll_notice_stage_2a15da5064de4113,feed_commission_sondages_notices,src_commission_sondages,Commission des sondages,https://www.commission-des-sondages.fr/notices/medias/fichiers/bytag/14/2027-Presidentielle,https://www.commission-des-sondages.fr/notices/medias/fichiers/add/2173,10173 Pres Attal Retailleau ODOXA Le Figaro 23 avril,2026-06-29T04:30:21Z,200,text/html; charset=UTF-8,"Commission des sondages (contrôle, interdiction, publication)",commission_notice_file_path|presidential_link_text|source_page_2027_presidentielle_tag,false,pending,Staged poll-notice discovery only. No candidate-level values extracted.,candidate_or_field_context_notice,"Visible notice text mentions candidates, party field, primary, RN, right/centre-right, or presidential field context.",medium,polling_context_or_metadata_candidate,review_required
poll_notice_stage_4658c9772c3377ac,feed_commission_sondages_notices,src_commission_sondages,Commission des sondages,https://www.commission-des-sondages.fr/notices/medias/fichiers/bytag/14/2027-Presidentielle,https://www.commission-des-sondages.fr/notices/medias/fichiers/add/2174,10172 Pres Indices popularite PR PM CSA JDD 25 avril,2026-06-29T04:30:21Z,200,text/html; charset=UTF-8,"Commission des sondages (contrôle, interdiction, publication)",commission_notice_file_path|presidential_link_text|source_page_2027_presidentielle_tag,false,pending,Staged poll-notice discovery only. No candidate-level values extracted.,political_barometer_context_notice,"Visible notice text suggests political barometer, popularity, confidence, or public-opinion context rather than direct voting intention.",low,polling_context_only,false
poll_notice_stage_0420fb8e1329d5e5,feed_commission_sondages_notices,src_commission_sondages,Commission des sondages,https://www.commission-des-sondages.fr/notices/medias/fichiers/bytag/14/2027-Presidentielle,https://www.commission-des-sondages.fr/notices/medias/fichiers/add/2175,10175 Pres Femme Elysee OPINIONWAY Challenges 22 avril,2026-06-29T04:30:21Z,200,text/html; charset=UTF-8,"Commission des sondages (contrôle, interdiction, publication)",commission_notice_file_path|presidential_link_text|source_page_2027_presidentielle_tag,false,pending,Staged poll-notice discovery only. No candidate-level values extracted.,political_barometer_context_notice,"Visible notice text suggests political barometer, popularity, confidence, or public-opinion context rather than direct voting intention.",low,polling_context_only,false
poll_notice_stage_aa92792610103268,feed_commission_sondages_notices,src_commission_sondages,Commission des sondages,https://www.commission-des-sondages.fr/notices/medias/fichiers/bytag/14/2027-Presidentielle,https://www.commission-des-sondages.fr/notices/medias/fichiers/add/2177,10176 Pres Barometre ODOXA 28 avril,2026-06-29T04:30:21Z,200,text/html; charset=UTF-8,"Commission des sondages (contrôle, interdiction, publication)",commission_notice_file_path|presidential_link_text|source_page_2027_presidentielle_tag,false,pending,Staged poll-notice discovery only. No candidate-level values extracted.,political_barometer_context_notice,"Visible notice text suggests political barometer, popularity, confidence, or public-opinion context rather than direct voting intention.",low,polling_context_only,false
poll_notice_stage_6cc98070fb901dcd,feed_commission_sondages_notices,src_commission_sondages,Commission des sondages,https://www.commission-des-sondages.fr/notices/medias/fichiers/bytag/14/2027-Presidentielle,https://www.commission-des-sondages.fr/notices/medias/fichiers/add/2178,10177 Pres Barometre VERIAN Figaro Mag 29 avril,2026-06-29T04:30:21Z,200,text/html; charset=UTF-8,"Commission des sondages (contrôle, interdiction, publication)",commission_notice_file_path|presidential_link_text|source_page_2027_presidentielle_tag,false,pending,Staged poll-notice discovery only. No candidate-level values extracted.,political_barometer_context_notice,"Visible notice text suggests political barometer, popularity, confidence, or public-opinion context rather than direct voting intention.",low,polling_context_only,false
poll_notice_stage_0ac09526b1cea007,feed_commission_sondages_notices,src_commission_sondages,Commission des sondages,https://www.commission-des-sondages.fr/notices/medias/fichiers/bytag/14/2027-Presidentielle,https://www.commission-des-sondages.fr/notices/medias/fichiers/add/2179,10178 Pres Observatoire IPSOS BVA RTL 30 avril,2026-06-29T04:30:21Z,200,text/html; charset=UTF-8,"Commission des sondages (contrôle, interdiction, publication)",commission_notice_file_path|presidential_link_text|source_page_2027_presidentielle_tag,false,pending,Staged poll-notice discovery only. No candidate-level values extracted.,political_barometer_context_notice,"Visible notice text suggests political barometer, popularity, confidence, or public-opinion context rather than direct voting intention.",low,polling_context_only,false
poll_notice_stage_a6e642b0066da283,feed_commission_sondages_notices,src_commission_sondages,Commission des sondages,https://www.commission-des-sondages.fr/notices/medias/fichiers/bytag/14/2027-Presidentielle,https://www.commission-des-sondages.fr/notices/medias/fichiers/add/2180,10179 Pres barometre ambition vague 4 IFOP Le Figaro 3 mai,2026-06-29T04:30:21Z,200,text/html; charset=UTF-8,"Commission des sondages (contrôle, interdiction, publication)",commission_notice_file_path|presidential_link_text|source_page_2027_presidentielle_tag,false,pending,Staged poll-notice discovery only. No candidate-level values extracted.,political_barometer_context_notice,"Visible notice text suggests political barometer, popularity, confidence, or public-opinion context rather than direct voting intention.",low,polling_context_only,false
poll_notice_stage_19ef619cf1a81589,feed_commission_sondages_notices,src_commission_sondages,Commission des sondages,https://www.commission-des-sondages.fr/notices/medias/fichiers/bytag/14/2027-Presidentielle,https://www.commission-des-sondages.fr/notices/medias/fichiers/add/2181,10180 Pres TOLUNA HARRIS INTERACTIVE RTL 4 mai,2026-06-29T04:30:21Z,200,text/html; charset=UTF-8,"Commission des sondages (contrôle, interdiction, publication)",commission_notice_file_path|presidential_link_text|source_page_2027_presidentielle_tag,false,pending,Staged poll-notice discovery only. No candidate-level values extracted.,needs_manual_review,"Presidential-looking notice, but text is not specific enough for automatic classification.",medium,manual_review,review_required
poll_notice_stage_173ebc16e959779a,feed_commission_sondages_notices,src_commission_sondages,Commission des sondages,https://www.commission-des-sondages.fr/notices/medias/fichiers/bytag/14/2027-Presidentielle,https://www.commission-des-sondages.fr/notices/medias/fichiers/add/2182,10182 Pres Baromètre stature VERIAN Le Figaro Magazine 6 mai,2026-06-29T04:30:21Z,200,text/html; charset=UTF-8,"Commission des sondages (contrôle, interdiction, publication)",commission_notice_file_path|presidential_link_text|source_page_2027_presidentielle_tag,false,pending,Staged poll-notice discovery only. No candidate-level values extracted.,political_barometer_context_notice,"Visible notice text suggests political barometer, popularity, confidence, or public-opinion context rather than direct voting intention.",low,polling_context_only,false
poll_notice_stage_7d1a3fb0d1b8b9b4,feed_commission_sondages_notices,src_commission_sondages,Commission des sondages,https://www.commission-des-sondages.fr/notices/medias/fichiers/bytag/14/2027-Presidentielle,https://www.commission-des-sondages.fr/notices/medias/fichiers/add/2183,10181 Pres Barometre des personnalites CLUSTER17 Le Point 6 mai,2026-06-29T04:30:21Z,200,text/html; charset=UTF-8,"Commission des sondages (contrôle, interdiction, publication)",commission_notice_file_path|presidential_link_text|source_page_2027_presidentielle_tag,false,pending,Staged poll-notice discovery only. No candidate-level values extracted.,political_barometer_context_notice,"Visible notice text suggests political barometer, popularity, confidence, or public-opinion context rather than direct voting intention.",low,polling_context_only,false
poll_notice_stage_f9c7325d5c4fdb3f,feed_commission_sondages_notices,src_commission_sondages,Commission des sondages,https://www.commission-des-sondages.fr/notices/medias/fichiers/bytag/14/2027-Presidentielle,https://www.commission-des-sondages.fr/notices/medias/fichiers/add/2184,10183 Pres Observatoire politique ELABE 6 mai,2026-06-29T04:30:21Z,200,text/html; charset=UTF-8,"Commission des sondages (contrôle, interdiction, publication)",commission_notice_file_path|presidential_link_text|source_page_2027_presidentielle_tag,false,pending,Staged poll-notice discovery only. No candidate-level values extracted.,political_barometer_context_notice,"Visible notice text suggests political barometer, popularity, confidence, or public-opinion context rather than direct voting intention.",low,polling_context_only,false
poll_notice_stage_f9c3e98207d5792a,feed_commission_sondages_notices,src_commission_sondages,Commission des sondages,https://www.commission-des-sondages.fr/notices/medias/fichiers/bytag/14/2027-Presidentielle,https://www.commission-des-sondages.fr/notices/medias/fichiers/add/2185,10184 Pres prix des carburants ELABE 7 mai,2026-06-29T04:30:21Z,200,text/html; charset=UTF-8,"Commission des sondages (contrôle, interdiction, publication)",commission_notice_file_path|presidential_link_text|source_page_2027_presidentielle_tag,false,pending,Staged poll-notice discovery only. No candidate-level values extracted.,political_barometer_context_notice,"Visible notice text suggests political barometer, popularity, confidence, or public-opinion context rather than direct voting intention.",low,polling_context_only,false
poll_notice_stage_1168f6b2d5921d4c,feed_commission_sondages_notices,src_commission_sondages,Commission des sondages,https://www.commission-des-sondages.fr/notices/medias/fichiers/bytag/14/2027-Presidentielle,https://www.commission-des-sondages.fr/notices/medias/fichiers/add/2186,10185 Pres Barometre politique mai YOUGOV Huffpost 7 mai,2026-06-29T04:30:21Z,200,text/html; charset=UTF-8,"Commission des sondages (contrôle, interdiction, publication)",commission_notice_file_path|presidential_link_text|source_page_2027_presidentielle_tag,false,pending,Staged poll-notice discovery only. No candidate-level values extracted.,political_barometer_context_notice,"Visible notice text suggests political barometer, popularity, confidence, or public-opinion context rather than direct voting intention.",low,polling_context_only,false
poll_notice_stage_4d74214540ceb84c,feed_commission_sondages_notices,src_commission_sondages,Commission des sondages,https://www.commission-des-sondages.fr/notices/medias/fichiers/bytag/14/2027-Presidentielle,https://www.commission-des-sondages.fr/notices/medias/fichiers/add/2188,10186 Pres barometre politique IPSOS BVA La Tribune dimanche 9 mai,2026-06-29T04:30:21Z,200,text/html; charset=UTF-8,"Commission des sondages (contrôle, interdiction, publication)",commission_notice_file_path|presidential_link_text|source_page_2027_presidentielle_tag,false,pending,Staged poll-notice discovery only. No candidate-level values extracted.,political_barometer_context_notice,"Visible notice text suggests political barometer, popularity, confidence, or public-opinion context rather than direct voting intention.",low,polling_context_only,false
poll_notice_stage_195bd05367067dae,feed_commission_sondages_notices,src_commission_sondages,Commission des sondages,https://www.commission-des-sondages.fr/notices/medias/fichiers/bytag/14/2027-Presidentielle,https://www.commission-des-sondages.fr/notices/medias/fichiers/add/2189,10187 Pres TBD personnalités IFOP Paris Match 19 mai,2026-06-29T04:30:21Z,200,text/html; charset=UTF-8,"Commission des sondages (contrôle, interdiction, publication)",commission_notice_file_path|presidential_link_text|source_page_2027_presidentielle_tag,false,pending,Staged poll-notice discovery only. No candidate-level values extracted.,political_barometer_context_notice,"Visible notice text suggests political barometer, popularity, confidence, or public-opinion context rather than direct voting intention.",low,polling_context_only,false
poll_notice_stage_74362714641e3da5,feed_commission_sondages_notices,src_commission_sondages,Commission des sondages,https://www.commission-des-sondages.fr/notices/medias/fichiers/bytag/14/2027-Presidentielle,https://www.commission-des-sondages.fr/notices/medias/fichiers/add/2190,10188 Pres Popularité S. Lecornu ODOXA Le Figaro 21 mai,2026-06-29T04:30:21Z,200,text/html; charset=UTF-8,"Commission des sondages (contrôle, interdiction, publication)",commission_notice_file_path|presidential_link_text|source_page_2027_presidentielle_tag,false,pending,Staged poll-notice discovery only. No candidate-level values extracted.,political_barometer_context_notice,"Visible notice text suggests political barometer, popularity, confidence, or public-opinion context rather than direct voting intention.",low,polling_context_only,false
poll_notice_stage_feaa14361874c340,feed_commission_sondages_notices,src_commission_sondages,Commission des sondages,https://www.commission-des-sondages.fr/notices/medias/fichiers/bytag/14/2027-Presidentielle,https://www.commission-des-sondages.fr/notices/medias/fichiers/add/2192,10190 Pres popularite E Macron S Lecornu IFOP LOpinion 26 mai,2026-06-29T04:30:21Z,200,text/html; charset=UTF-8,"Commission des sondages (contrôle, interdiction, publication)",commission_notice_file_path|presidential_link_text|source_page_2027_presidentielle_tag,false,pending,Staged poll-notice discovery only. No candidate-level values extracted.,political_barometer_context_notice,"Visible notice text suggests political barometer, popularity, confidence, or public-opinion context rather than direct voting intention.",low,polling_context_only,false
poll_notice_stage_3226849255049c8c,feed_commission_sondages_notices,src_commission_sondages,Commission des sondages,https://www.commission-des-sondages.fr/notices/medias/fichiers/bytag/14/2027-Presidentielle,https://www.commission-des-sondages.fr/notices/medias/fichiers/add/2193,10192 Pres TOLUNA HARRIS INTERACTIVE 29 mai,2026-06-29T04:30:21Z,200,text/html; charset=UTF-8,"Commission des sondages (contrôle, interdiction, publication)",commission_notice_file_path|presidential_link_text|source_page_2027_presidentielle_tag,false,pending,Staged poll-notice discovery only. No candidate-level values extracted.,needs_manual_review,"Presidential-looking notice, but text is not specific enough for automatic classification.",medium,manual_review,review_required
poll_notice_stage_5a175b87a8b5aeb2,feed_commission_sondages_notices,src_commission_sondages,Commission des sondages,https://www.commission-des-sondages.fr/notices/medias/fichiers/bytag/14/2027-Presidentielle,https://www.commission-des-sondages.fr/notices/medias/fichiers/add/2194,10193 Pres IFOP Le Figaro 29 mai,2026-06-29T04:30:21Z,200,text/html; charset=UTF-8,"Commission des sondages (contrôle, interdiction, publication)",commission_notice_file_path|presidential_link_text|source_page_2027_presidentielle_tag,false,pending,Staged poll-notice discovery only. No candidate-level values extracted.,needs_manual_review,"Presidential-looking notice, but text is not specific enough for automatic classification.",medium,manual_review,review_required
poll_notice_stage_4c6be33f4971afcb,feed_commission_sondages_notices,src_commission_sondages,Commission des sondages,https://www.commission-des-sondages.fr/notices/medias/fichiers/bytag/14/2027-Presidentielle,https://www.commission-des-sondages.fr/notices/medias/fichiers/add/2196,10194 Pres Barometre confiance politique THI 29 mai,2026-06-29T04:30:21Z,200,text/html; charset=UTF-8,"Commission des sondages (contrôle, interdiction, publication)",commission_notice_file_path|presidential_link_text|source_page_2027_presidentielle_tag,false,pending,Staged poll-notice discovery only. No candidate-level values extracted.,political_barometer_context_notice,"Visible notice text suggests political barometer, popularity, confidence, or public-opinion context rather than direct voting intention.",low,polling_context_only,false
poll_notice_stage_faf45f2d1b85d0cf,feed_commission_sondages_notices,src_commission_sondages,Commission des sondages,https://www.commission-des-sondages.fr/notices/medias/fichiers/bytag/14/2027-Presidentielle,https://www.commission-des-sondages.fr/notices/medias/fichiers/add/2197,10195 Pres IPSOS BVA Le Parisien 1er juin,2026-06-29T04:30:21Z,200,text/html; charset=UTF-8,"Commission des sondages (contrôle, interdiction, publication)",commission_notice_file_path|presidential_link_text|source_page_2027_presidentielle_tag,false,pending,Staged poll-notice discovery only. No candidate-level values extracted.,needs_manual_review,"Presidential-looking notice, but text is not specific enough for automatic classification.",medium,manual_review,review_required
poll_notice_stage_5a8ce7ed858c11ba,feed_commission_sondages_notices,src_commission_sondages,Commission des sondages,https://www.commission-des-sondages.fr/notices/medias/fichiers/bytag/14/2027-Presidentielle,https://www.commission-des-sondages.fr/notices/medias/fichiers/add/2198,10196 Pres Barometre politique VERIAN Figaro Magazine 3 juin,2026-06-29T04:30:21Z,200,text/html; charset=UTF-8,"Commission des sondages (contrôle, interdiction, publication)",commission_notice_file_path|presidential_link_text|source_page_2027_presidentielle_tag,false,pending,Staged poll-notice discovery only. No candidate-level values extracted.,political_barometer_context_notice,"Visible notice text suggests political barometer, popularity, confidence, or public-opinion context rather than direct voting intention.",low,polling_context_only,false
poll_notice_stage_7cf2d90a457cdefc,feed_commission_sondages_notices,src_commission_sondages,Commission des sondages,https://www.commission-des-sondages.fr/notices/medias/fichiers/bytag/14/2027-Presidentielle,https://www.commission-des-sondages.fr/notices/medias/fichiers/add/2199,10197 Pres Violences post victoire PSG ELABE 3 juin,2026-06-29T04:30:21Z,200,text/html; charset=UTF-8,"Commission des sondages (contrôle, interdiction, publication)",commission_notice_file_path|presidential_link_text|source_page_2027_presidentielle_tag,false,pending,Staged poll-notice discovery only. No candidate-level values extracted.,political_barometer_context_notice,"Visible notice text suggests political barometer, popularity, confidence, or public-opinion context rather than direct voting intention.",low,polling_context_only,false
poll_notice_stage_f6dacd852fef30b0,feed_commission_sondages_notices,src_commission_sondages,Commission des sondages,https://www.commission-des-sondages.fr/notices/medias/fichiers/bytag/14/2027-Presidentielle,https://www.commission-des-sondages.fr/notices/medias/fichiers/add/2200,10198 Pres Observatoire ELABE 4 juin,2026-06-29T04:30:21Z,200,text/html; charset=UTF-8,"Commission des sondages (contrôle, interdiction, publication)",commission_notice_file_path|presidential_link_text|source_page_2027_presidentielle_tag,false,pending,Staged poll-notice discovery only. No candidate-level values extracted.,political_barometer_context_notice,"Visible notice text suggests political barometer, popularity, confidence, or public-opinion context rather than direct voting intention.",low,polling_context_only,false
poll_notice_stage_4556aae8d877f27a,feed_commission_sondages_notices,src_commission_sondages,Commission des sondages,https://www.commission-des-sondages.fr/notices/medias/fichiers/bytag/14/2027-Presidentielle,https://www.commission-des-sondages.fr/notices/medias/fichiers/add/2202,10200 Pres Bon president en cas de guerre ODOXA 11 juin,2026-06-29T04:30:21Z,200,text/html; charset=UTF-8,"Commission des sondages (contrôle, interdiction, publication)",commission_notice_file_path|presidential_link_text|source_page_2027_presidentielle_tag,false,pending,Staged poll-notice discovery only. No candidate-level values extracted.,political_barometer_context_notice,"Visible notice text suggests political barometer, popularity, confidence, or public-opinion context rather than direct voting intention.",low,polling_context_only,false
poll_notice_stage_7ae75dba4ae5eec4,feed_commission_sondages_notices,src_commission_sondages,Commission des sondages,https://www.commission-des-sondages.fr/notices/medias/fichiers/bytag/14/2027-Presidentielle,https://www.commission-des-sondages.fr/notices/medias/fichiers/add/2203,10202 Pres Barometre vague 3 VERIAN Le Figaro Mag 12 juin,2026-06-29T04:30:21Z,200,text/html; charset=UTF-8,"Commission des sondages (contrôle, interdiction, publication)",commission_notice_file_path|presidential_link_text|source_page_2027_presidentielle_tag,false,pending,Staged poll-notice discovery only. No candidate-level values extracted.,political_barometer_context_notice,"Visible notice text suggests political barometer, popularity, confidence, or public-opinion context rather than direct voting intention.",low,polling_context_only,false
poll_notice_stage_caa4c11cde778f76,feed_commission_sondages_notices,src_commission_sondages,Commission des sondages,https://www.commission-des-sondages.fr/notices/medias/fichiers/bytag/14/2027-Presidentielle,https://www.commission-des-sondages.fr/notices/medias/fichiers/add/2204,10203 Pres Baromètre CLUSTER17 Le Point 11 Juin,2026-06-29T04:30:21Z,200,text/html; charset=UTF-8,"Commission des sondages (contrôle, interdiction, publication)",commission_notice_file_path|presidential_link_text|source_page_2027_presidentielle_tag,false,pending,Staged poll-notice discovery only. No candidate-level values extracted.,political_barometer_context_notice,"Visible notice text suggests political barometer, popularity, confidence, or public-opinion context rather than direct voting intention.",low,polling_context_only,false
poll_notice_stage_95ba44098f860825,feed_commission_sondages_notices,src_commission_sondages,Commission des sondages,https://www.commission-des-sondages.fr/notices/medias/fichiers/bytag/14/2027-Presidentielle,https://www.commission-des-sondages.fr/notices/medias/fichiers/add/2206,10204 Pres Barometre politique IPSOS BVA La Tribune dimanche 13 juin,2026-06-29T04:30:21Z,200,text/html; charset=UTF-8,"Commission des sondages (contrôle, interdiction, publication)",commission_notice_file_path|presidential_link_text|source_page_2027_presidentielle_tag,false,pending,Staged poll-notice discovery only. No candidate-level values extracted.,political_barometer_context_notice,"Visible notice text suggests political barometer, popularity, confidence, or public-opinion context rather than direct voting intention.",low,polling_context_only,false
poll_notice_stage_8a9a13cb3959ad2e,feed_commission_sondages_notices,src_commission_sondages,Commission des sondages,https://www.commission-des-sondages.fr/notices/medias/fichiers/bytag/14/2027-Presidentielle,https://www.commission-des-sondages.fr/notices/medias/fichiers/add/2209,10191 Pres Indices popularite PR PM CSA JDD 30 mai,2026-06-29T04:30:21Z,200,text/html; charset=UTF-8,"Commission des sondages (contrôle, interdiction, publication)",commission_notice_file_path|presidential_link_text|source_page_2027_presidentielle_tag,false,pending,Staged poll-notice discovery only. No candidate-level values extracted.,political_barometer_context_notice,"Visible notice text suggests political barometer, popularity, confidence, or public-opinion context rather than direct voting intention.",low,polling_context_only,false
poll_notice_stage_32a4a8ed46edec82,feed_commission_sondages_notices,src_commission_sondages,Commission des sondages,https://www.commission-des-sondages.fr/notices/medias/fichiers/bytag/14/2027-Presidentielle,https://www.commission-des-sondages.fr/notices/medias/fichiers/add/2210,10205 Pres IV OPINIONWAY JDD 13 juin,2026-06-29T04:30:21Z,200,text/html; charset=UTF-8,"Commission des sondages (contrôle, interdiction, publication)",commission_notice_file_path|presidential_link_text|source_page_2027_presidentielle_tag,false,pending,Staged poll-notice discovery only. No candidate-level values extracted.,likely_presidential_voting_intention_notice,"Visible notice text suggests vote intention, electoral survey, round scenario, or comparable presidential-election polling metadata.",high,polls_metadata_candidate,review_required
poll_notice_stage_988adafa89b973ee,feed_commission_sondages_notices,src_commission_sondages,Commission des sondages,https://www.commission-des-sondages.fr/notices/medias/fichiers/bytag/14/2027-Presidentielle,https://www.commission-des-sondages.fr/notices/medias/fichiers/add/2211,10206 Pres Vacances VERIAN Lhemicycle 18 juin,2026-06-29T04:30:21Z,200,text/html; charset=UTF-8,"Commission des sondages (contrôle, interdiction, publication)",commission_notice_file_path|presidential_link_text|source_page_2027_presidentielle_tag,false,pending,Staged poll-notice discovery only. No candidate-level values extracted.,political_barometer_context_notice,"Visible notice text suggests political barometer, popularity, confidence, or public-opinion context rather than direct voting intention.",low,polling_context_only,false
poll_notice_stage_79f77fed2d96e3ea,feed_commission_sondages_notices,src_commission_sondages,Commission des sondages,https://www.commission-des-sondages.fr/notices/medias/fichiers/bytag/14/2027-Presidentielle,https://www.commission-des-sondages.fr/notices/medias/fichiers/add/2212,10207 Pres Tableau de bord IFOP 18 juin,2026-06-29T04:30:21Z,200,text/html; charset=UTF-8,"Commission des sondages (contrôle, interdiction, publication)",commission_notice_file_path|presidential_link_text|source_page_2027_presidentielle_tag,false,pending,Staged poll-notice discovery only. No candidate-level values extracted.,political_barometer_context_notice,"Visible notice text suggests political barometer, popularity, confidence, or public-opinion context rather than direct voting intention.",low,polling_context_only,false
poll_notice_stage_821823a424888194,feed_commission_sondages_notices,src_commission_sondages,Commission des sondages,https://www.commission-des-sondages.fr/notices/medias/fichiers/bytag/14/2027-Presidentielle,https://www.commission-des-sondages.fr/notices/medias/fichiers/add/2213,10208 Pres B Retailleau ODOXA 19 juin,2026-06-29T04:30:21Z,200,text/html; charset=UTF-8,"Commission des sondages (contrôle, interdiction, publication)",commission_notice_file_path|presidential_link_text|source_page_2027_presidentielle_tag,false,pending,Staged poll-notice discovery only. No candidate-level values extracted.,candidate_or_field_context_notice,"Visible notice text mentions candidates, party field, primary, RN, right/centre-right, or presidential field context.",medium,polling_context_or_metadata_candidate,review_required
poll_notice_stage_6d9548f537d2f7cc,feed_commission_sondages_notices,src_commission_sondages,Commission des sondages,https://www.commission-des-sondages.fr/notices/medias/fichiers/bytag/14/2027-Presidentielle,https://www.commission-des-sondages.fr/notices/medias/fichiers/add/2214,10209 Pres Indices popularite IFOP 21 juin LOpinion,2026-06-29T04:30:21Z,200,text/html; charset=UTF-8,"Commission des sondages (contrôle, interdiction, publication)",commission_notice_file_path|presidential_link_text|source_page_2027_presidentielle_tag,false,pending,Staged poll-notice discovery only. No candidate-level values extracted.,political_barometer_context_notice,"Visible notice text suggests political barometer, popularity, confidence, or public-opinion context rather than direct voting intention.",low,polling_context_only,false
poll_notice_stage_95c383a8f1466f6b,feed_commission_sondages_notices,src_commission_sondages,Commission des sondages,https://www.commission-des-sondages.fr/notices/medias/fichiers/bytag/14/2027-Presidentielle,https://www.commission-des-sondages.fr/notices/medias/fichiers/add/2215,10210 Pres seconds tours IFOP Marianne 24 juin,2026-06-29T04:30:21Z,200,text/html; charset=UTF-8,"Commission des sondages (contrôle, interdiction, publication)",commission_notice_file_path|presidential_link_text|source_page_2027_presidentielle_tag,false,pending,Staged poll-notice discovery only. No candidate-level values extracted.,likely_presidential_voting_intention_notice,"Visible notice text suggests vote intention, electoral survey, round scenario, or comparable presidential-election polling metadata.",high,polls_metadata_candidate,review_required
poll_notice_stage_59e3cbc1d489175e,feed_commission_sondages_notices,src_commission_sondages,Commission des sondages,https://www.commission-des-sondages.fr/notices/medias/fichiers/bytag/14/2027-Presidentielle,https://www.commission-des-sondages.fr/notices/medias/fichiers/add/2216,10211 Pres IV IFOP Le Figaro 25 juin,2026-06-29T04:30:21Z,200,text/html; charset=UTF-8,"Commission des sondages (contrôle, interdiction, publication)",commission_notice_file_path|presidential_link_text|source_page_2027_presidentielle_tag,false,pending,Staged poll-notice discovery only. No candidate-level values extracted.,likely_presidential_voting_intention_notice,"Visible notice text suggests vote intention, electoral survey, round scenario, or comparable presidential-election polling metadata.",high,polls_metadata_candidate,review_required
poll_notice_stage_6e3c2f8af1a6b491,feed_commission_sondages_notices,src_commission_sondages,Commission des sondages,https://www.commission-des-sondages.fr/notices/medias/fichiers/bytag/14/2027-Presidentielle,https://www.commission-des-sondages.fr/notices/medias/fichiers/add/2217,10213 Pres Les Français et les élites VERIAN Lhemicycle 26 juin,2026-06-29T04:30:21Z,200,text/html; charset=UTF-8,"Commission des sondages (contrôle, interdiction, publication)",commission_notice_file_path|presidential_link_text|source_page_2027_presidentielle_tag,false,pending,Staged poll-notice discovery only. No candidate-level values extracted.,political_barometer_context_notice,"Visible notice text suggests political barometer, popularity, confidence, or public-opinion context rather than direct voting intention.",low,polling_context_only,false
poll_notice_stage_6b08c660b85e3272,feed_commission_sondages_notices,src_commission_sondages,Commission des sondages,https://www.commission-des-sondages.fr/notices/medias/fichiers/bytag/14/2027-Presidentielle,https://www.commission-des-sondages.fr/notices/medias/fichiers/add/2218,10214 Pres Barometre confiance politique TOLUNA HARRIS INTERACTIVE LCI 26 juin,2026-06-29T04:30:21Z,200,text/html; charset=UTF-8,"Commission des sondages (contrôle, interdiction, publication)",commission_notice_file_path|presidential_link_text|source_page_2027_presidentielle_tag,false,pending,Staged poll-notice discovery only. No candidate-level values extracted.,political_barometer_context_notice,"Visible notice text suggests political barometer, popularity, confidence, or public-opinion context rather than direct voting intention.",low,polling_context_only,false
poll_notice_stage_a0165a7a64452f04,feed_commission_sondages_notices,src_commission_sondages,Commission des sondages,https://www.commission-des-sondages.fr/notices/medias/fichiers/bytag/14/2027-Presidentielle,https://www.commission-des-sondages.fr/notices/medias/fichiers/add/2219,10212 Pres Indices popularite CSA JDD 27 juin,2026-06-29T04:30:21Z,200,text/html; charset=UTF-8,"Commission des sondages (contrôle, interdiction, publication)",commission_notice_file_path|presidential_link_text|source_page_2027_presidentielle_tag,false,pending,Staged poll-notice discovery only. No candidate-level values extracted.,political_barometer_context_notice,"Visible notice text suggests political barometer, popularity, confidence, or public-opinion context rather than direct voting intention.",low,polling_context_only,false
poll_notice_stage_d853892204e33755,feed_commission_sondages_notices,src_commission_sondages,Commission des sondages,https://www.commission-des-sondages.fr/notices/medias/fichiers/bytag/14/2027-Presidentielle,https://www.commission-des-sondages.fr/notices/medias/fichiers/bytag/11/2022-2-tour-presidentielle,2022 - 2° tour présidentielle,2026-06-29T04:30:21Z,200,text/html; charset=UTF-8,"Commission des sondages (contrôle, interdiction, publication)",commission_notice_file_path|presidential_link_text|source_page_2027_presidentielle_tag,false,pending,Staged poll-notice discovery only. No candidate-level values extracted.,historical_reference,"Historical presidential-election tag/reference, not France 2027 poll metadata.",low,historical_reference,false
poll_notice_stage_ef54cf0430e36f59,feed_commission_sondages_notices,src_commission_sondages,Commission des sondages,https://www.commission-des-sondages.fr/notices/medias/fichiers/bytag/14/2027-Presidentielle,https://www.commission-des-sondages.fr/notices/medias/fichiers/bytag/12/2022-1er-tour-presidentielle,2022 - 1er tour présidentielle,2026-06-29T04:30:21Z,200,text/html; charset=UTF-8,"Commission des sondages (contrôle, interdiction, publication)",commission_notice_file_path|presidential_link_text|source_page_2027_presidentielle_tag,false,pending,Staged poll-notice discovery only. No candidate-level values extracted.,historical_reference,"Historical presidential-election tag/reference, not France 2027 poll metadata.",low,historical_reference,false
poll_notice_stage_c40309ef296d8bca,feed_commission_sondages_notices,src_commission_sondages,Commission des sondages,https://www.commission-des-sondages.fr/notices/medias/fichiers/bytag/14/2027-Presidentielle,https://www.commission-des-sondages.fr/notices/medias/fichiers/bytag/14/2027-Presidentielle,2027 - Présidentielle,2026-06-29T04:30:21Z,200,text/html; charset=UTF-8,"Commission des sondages (contrôle, interdiction, publication)",commission_notice_file_path|presidential_link_text|source_page_2027_presidentielle_tag,false,pending,Staged poll-notice discovery only. No candidate-level values extracted.,source_index_reference,"Official 2027 presidential tag/index page, not an individual poll notice.",low,source_index,false
